{"prefix":{"title":"Hi 👋, I'm","currentWork":"🔭 I’m currently working on","currentLearn":"🌱 I’m currently learning","collaborateOn":"👯 I’m looking to collaborate on","helpWith":"🤝 I’m looking for help with","ama":"💬 Ask me about","contact":"📫 How to reach me","resume":"📄 Know about my experiences","funFact":"⚡ Fun fact","portfolio":"👨‍💻 All of my projects are available at","blog":"📝 I regularly write articles on"},"data":{"title":"Vrushank Patel","subtitle":"A passionate Software Engineer from India","currentWork":"ZEUS-GPI, CMS","currentLearn":"Distributed systems","collaborateOn":"Fintech projects","helpWith":"","ama":"Java, spring boot, python, flask, git, react","contact":"vrushankpatel5@gmail.com","funFact":"","twitterBadge":false,"visitorsBadge":true,"badgeStyle":"flat","badgeColor":"0e75b6","badgeLabel":"Profile views","githubProfileTrophy":true,"githubStats":true,"githubStatsOptions":{"theme":"","titleColor":"","textColor":"","bgColor":"","hideBorder":false,"cacheSeconds":null,"locale":"en"},"topLanguages":true,"topLanguagesOptions":{"theme":"","titleColor":"","textColor":"","bgColor":"","hideBorder":false,"cacheSeconds":null,"locale":"en"},"streakStats":true,"streakStatsOptions":{"theme":""},"devDynamicBlogs":false,"mediumDynamicBlogs":true,"rssDynamicBlogs":false},"link":{"currentWork":"https://capsys-europe.com/zeus-gpi","collaborateOn":"","helpWith":"","portfolio":"https://vrushankpatel.github.io/","blog":"https://vrushankpatel5.medium.com/","resume":"https://vrushankpatel.github.io/Resume.pdf"},"social":{"github":"vrushankpatel","dev":"","linkedin":"vrushank-patel-69b682180","codepen":"","stackoverflow":"","kaggle":"","codesandbox":"","fb":"","instagram":"","twitter":"","dribbble":"","behance":"","medium":"@vrushankpatel5","youtube":"","codechef":"","hackerrank":"vrushankpatel5","codeforces":"","leetcode":"","topcoder":"","hackerearth":"","geeks_for_geeks":"","discord":"","rssurl":""},"skills":{"11ty":false,"amplify":false,"android":false,"angular":false,"angularjs":false,"apachecordova":false,"appwrite":false,"arduino":false,"aws":false,"azure":false,"babel":false,"backbonejs":false,"bash":true,"blender":false,"bootstrap":true,"bulma":false,"c":false,"canvasjs":false,"cassandra":false,"chartjs":false,"circleci":true,"clojure":false,"cockroachdb":false,"codeigniter":false,"coffeescript":false,"couchdb":false,"cplusplus":false,"csharp":false,"css3":false,"cypress":false,"d3js":false,"dart":false,"django":false,"docker":true,"dotnet":false,"elasticsearch":true,"electron":false,"elixir":false,"ember":false,"erlang":false,"express":true,"figma":false,"firebase":true,"flask":true,"flutter":false,"framer":false,"gatsby":false,"gcp":true,"git":true,"go":true,"grafana":true,"graphql":false,"gridsome":false,"gtk":false,"gulp":false,"hadoop":false,"haskell":false,"heroku":true,"hexo":false,"hive":false,"html5":false,"hugo":false,"ifttt":false,"illustrator":false,"invision":false,"ionic":false,"jasmine":false,"java":true,"javascript":true,"jekyll":false,"jenkins":false,"jest":false,"kafka":true,"karma":false,"kibana":true,"kotlin":false,"kubernetes":false,"laravel":false,"linux":true,"mariadb":false,"materialize":false,"matlab":false,"middleman":false,"mocha":false,"mongodb":true,"mssql":false,"mysql":true,"nativescript":false,"nestjs":false,"nextjs":false,"nginx":true,"nim":false,"nodejs":true,"nuxtjs":false,"objectivec":false,"opencv":false,"openresty":false,"oracle":true,"pandas":false,"perl":false,"photoshop":false,"php":false,"postgresql":true,"postman":false,"pug":false,"puppeteer":false,"python":true,"pytorch":false,"qt":false,"quasar":false,"rabbitMQ":true,"rails":false,"react":true,"reactnative":false,"realm":false,"redis":false,"redux":false,"ruby":false,"rust":false,"sapper":false,"sass":false,"scala":false,"scikit_learn":false,"scully":false,"sculpin":false,"seaborn":false,"selenium":false,"sketch":false,"solr":false,"spring":false,"sqlite":true,"svelte":false,"swift":false,"symfony":false,"tailwind":false,"tensorflow":false,"travisci":false,"typescript":false,"unity":false,"unreal":false,"vagrant":false,"vuejs":true,"vuepress":false,"vuetify":false,"webpack":false,"wx_widgets":false,"xamarin":false,"xd":false,"zapier":false},"support":{"buyMeACoffee":"vrushankpatel","buyMeAKofi":"vrushankpatel"}}